country code,country_long,name of powerplant,capacity in MW,latitude,longitude,primary_fuel,secondary fuel,other_fuel2,other_fuel3,start date,owner of plant,generation_gwh_2021,geolocation_source,estimated_generation_gwh_2021
ALB,Albania,Bistrica 1,27.0,39.9116,20.1047,Hydro,,,,1965.0,,,GEODB,105.17
ALB,Albania,Fierza,500.0,42.2514,20.0431,Hydro,,,,1978.0,,,GEODB,1976.01
ALB,Albania,Koman,600.0,42.1033,19.8224,Hydro,,,,1985.0,,,GEODB,2072.13
ALB,Albania,Lanabregas,5.0,41.3428,19.8964,Hydro,,,,1951.0,,,GEODB,20.37
ALB,Albania,Shkopet,24.0,41.6796,19.8305,Hydro,,,,1963.0,,,GEODB,93.52
ALB,Albania,Ulez,25.0,41.6796,19.8936,Hydro,,,,1958.0,,,GEODB,97.42
ALB,Albania,Vau i Dijes,250.0,42.0137,19.6359,Hydro,,,,1971.0,,,GEODB,895.02
ARM,Armenia,Sevan-Hrazdan Cascade,561.0,40.5078,44.7606,Hydro,,,,,RusHydro,,GEODB,847.52
ARM,Armenia,Shamb,170.0,39.4743,46.1306,Hydro,,,,1978.0,Ministry of Energy an Natural Resources,,GEODB,254.59
ARM,Armenia,Spandaryan,76.0,39.6494,45.85,Hydro,,,,1989.0,Ministry of Energy an Natural Resources,,GEODB,91.89
ARM,Armenia,Tatev,158.0,39.3956,46.2578,Hydro,,,,1970.0,Ministry of Energy an Natural Resources,,WRI,218.42
AUT,Austria,Abwinden-Asten,168.0,48.248,14.4305,Hydro,,,,1980.0,Verbund,,GEODB,873.43
AUT,Austria,Altenmarkt,26.0,46.7667,15.55,Hydro,,,,1960.0,Verbund,,CARMA,89.14
AUT,Austria,Arnstein,30.0,47.0167,15.1667,Hydro,,,,1925.0,Verbund,,CARMA,88.43
AUT,Austria,Aschach,287.0,48.3853,14.023,Hydro,,,,1964.0,Verbund,,GEODB,1439.75
AUT,Austria,Bischofshofen,16.0,47.407,13.2205,Hydro,,,,1986.0,Verbund,,GEODB,69.07
AUT,Austria,Braunau-Simbach,100.0,48.244,13.006,Hydro,,,,1954.0,Verbund,,WRI,425.09
AUT,Austria,Dionysen,16.0,47.4167,15.2833,Hydro,,,,1949.0,Verbund,,CARMA,58.34
AUT,Austria,Ering-Frauenstein,72.0,48.2194,13.16,Hydro,,,,1943.0,Verbund,,WRI,190.81
AUT,Austria,Erzbach,1.0,47.6,14.7333,Hydro,,,,1986.0,Verbund,,CARMA,3.91
AUT,Austria,Feistritz-Ludmannsdorf,88.0,46.5347,14.1712,Hydro,,,,1968.0,Verbund,,GEODB,325.39
AUT,Austria,Feldkirchen,38.0,46.8638,13.3355,Hydro,,,,1970.0,Wien Energie,,WRI,131.27
AUT,Austria,Ferlach Maria Rain,75.0,46.5462,14.2985,Hydro,,,,1975.0,Verbund,,GEODB,277.32
AUT,Austria,Fisching,22.0,47.1667,14.7333,Hydro,,,,1994.0,Verbund,,CARMA,84.14
AUT,Austria,Freudenau Danube,172.0,48.1764,16.4811,Hydro,,,,1998.0,Wien Energie,,WRI,891.52
AUT,Austria,Friesach,12.0,47.1667,15.3333,Hydro,,,,1998.0,Verbund,,CARMA,58.43
AUT,Austria,Funsingau,25.0,47.2354,12.0583,Hydro,,,,1968.0,Verbund,,GEODB,73.69
AUT,Austria,Gabersdorf,14.0,46.7772,15.5842,Hydro,,,,1974.0,Verbund,,CARMA,69.32
AUT,Austria,Gaming,14.0,48.1766,16.4813,Hydro,,,,1926.0,Wien Energie,,WRI,66.79
AUT,Austria,Gerlos,200.0,47.2342,11.8997,Hydro,,,,1949.0,Verbund,,GEODB,592.22
AUT,Austria,Gratkorn,11.0,47.1333,15.35,Hydro,,,,,Verbund,,CARMA,53.68
AUT,Austria,Greifenstein,293.0,48.3553,16.2424,Hydro,,,,1985.0,Verbund,,GEODB,1465.01
AUT,Austria,Hieflau,63.0,47.6,14.7333,Hydro,,,,,Verbund,,CARMA,226.43
AUT,Austria,Hieflau-Erzbach,1.0,47.6,14.7333,Hydro,,,,1956.0,Verbund,,CARMA,3.91
AUT,Austria,Jochenstein,132.0,48.5184,13.7076,Hydro,,,,1956.0,Verbund,,GEODB,691.12
AUT,Austria,KW Amlach,60.0,46.8142,12.7618,Hydro,,,,1989.0,TIWAG-Tiroler Wasserkraft AG,,Open Power System Data,195.22
AUT,Austria,KW Imst,89.0,47.2122,10.7215,Hydro,,,,1956.0,TIWAG-Tiroler Wasserkraft AG,,Open Power System Data,322.67
AUT,Austria,KW Jenbach,79.0,47.3932,11.7886,Hydro,,,,1926.0,TIWAG-Tiroler Wasserkraft AG,,Open Power System Data,301.8
AUT,Austria,KW Kaunertal,392.0,47.0678,10.6652,Hydro,,,,1964.0,TIWAG-Tiroler Wasserkraft AG,,Open Power System Data,1078.76
AUT,Austria,KW Kühtai,289.0,47.2078,11.0057,Hydro,,,,1981.0,TIWAG-Tiroler Wasserkraft AG,,Open Power System Data,689.49
AUT,Austria,KW Silz,500.0,47.2696,10.9678,Hydro,,,,1981.0,TIWAG-Tiroler Wasserkraft AG,,Open Power System Data,1476.7
AUT,Austria,Kaprun Limberg II,480.0,47.1985,12.7223,Hydro,,,,2011.0,Verbund,,GEODB,1201.64
AUT,Austria,Kaprun Oberstufe,113.0,47.1968,12.7192,Hydro,,,,1956.0,Verbund,,GEODB,394.18
AUT,Austria,Kaprun main stage,240.0,47.2591,12.7389,Hydro,,,,1953.0,Verbund,,GEODB,615.87
AUT,Austria,Kellerberg,25.0,46.67,13.6886,Hydro,,,,1985.0,Verbund,,CARMA,105.84
AUT,Austria,Klammsee,1.0,47.2591,12.7389,Hydro,,,,1947.0,Verbund,,GEODB,3.57
AUT,Austria,Klaus,20.0,47.8314,14.1572,Hydro,,,,1975.0,Verbund,,CARMA,58.5
AUT,Austria,Kopswerk II,525.0,46.975,10.043,Hydro,,,,2008.0,Vorarlberge Illwerke AG,,WRI,1280.52
AUT,Austria,Kreuzbergmaut,18.0,47.4412,13.2108,Hydro,,,,1996.0,Verbund,,GEODB,77.7
AUT,Austria,Kreuzeck days storage,45.0,46.8727,13.3117,Hydro,,,,1960.0,Verbund,,GEODB,155.78
AUT,Austria,Krippau,30.0,47.6833,14.7,Hydro,,,,1965.0,Verbund,,CARMA,114.08
AUT,Austria,Landl,25.0,47.65,14.7167,Hydro,,,,1967.0,Verbund,,CARMA,105.58
AUT,Austria,Laufnitzdorf,18.0,47.3,15.3167,Hydro,,,,1931.0,Verbund,,CARMA,88.93
AUT,Austria,Lebring,20.0,46.8522,15.5383,Hydro,,,,1988.0,Verbund,,CARMA,92.61
AUT,Austria,Leoben,10.0,47.3833,15.1,Hydro,,,,2005.0,Verbund,,CARMA,46.23
AUT,Austria,Losenstein,39.0,47.9243,14.4367,Hydro,,,,1962.0,Verbund,,CARMA,149.11
AUT,Austria,Low Tuxbach - Small power plant Stillupp,2.0,47.1485,11.8225,Hydro,,,,,Verbund,,GEODB,5.42
AUT,Austria,Lünerseewerk,280.0,47.074,9.874,Hydro,,,,1958.0,Vorarlberge Illwerke AG,,WRI,707.53
AUT,Austria,Malta Secondary school,120.0,47.0659,13.3539,Hydro,,,,1979.0,Verbund,,GEODB,305.21
AUT,Austria,Malta main stage,730.0,47.0659,13.3539,Hydro,,,,1979.0,Verbund,,GEODB,1999.1
AUT,Austria,Mandling,6.0,47.4,13.5667,Hydro,,,,1985.0,Verbund,,CARMA,21.31
AUT,Austria,Mayrhofen,355.0,47.1581,11.8501,Hydro,,,,1977.0,Verbund,,GEODB,726.35
AUT,Austria,Melk,187.0,48.2232,15.3042,Hydro,,,,1982.0,Verbund,,GEODB,971.74
AUT,Austria,Mellach run power plant,16.0,46.8833,15.5167,Hydro,,,,1985.0,Verbund,,CARMA,79.22
AUT,Austria,Neuötting,26.1,40.1247,-8.7751,Hydro,,,,1951.0,Wien Energie,,GEODB,92.81
AUT,Austria,Niklai,2.0,46.8167,13.3167,Hydro,,,,1960.0,Verbund,,CARMA,7.67
AUT,Austria,Nussdorf near Vienna,5.0,47.2167,14.4833,Hydro,,,,2005.0,Verbund,,CARMA,19.92
AUT,Austria,Oberaudorf Ebbs,60.0,47.6413,12.1989,Hydro,,,,1992.0,Verbund,,WRI,219.59
AUT,Austria,Obervermuntwerk,30.0,46.9271,10.0539,Hydro,,,,1943.0,Vorarlberge Illwerke AG,,WRI,97.41
AUT,Austria,Obervogau,13.0,46.745,15.5847,Hydro,,,,1978.0,Verbund,,CARMA,62.79
AUT,Austria,Ottensheim-Wilhering,179.0,48.3166,14.1512,Hydro,,,,1975.0,Verbund,,GEODB,937.21
AUT,Austria,Passau-Ingling,86.0,48.5536,13.4371,Hydro,,,,1966.0,Verbund,,WRI,365.58
AUT,Austria,Paternion,24.0,46.7209,13.6453,Hydro,,,,1988.0,Verbund,,GEODB,101.96
AUT,Austria,Peggau,13.0,47.2,15.35,Hydro,,,,1965.0,Verbund,,CARMA,64.23
AUT,Austria,Pernegg,22.0,47.3598,15.3424,Hydro,,,,2013.0,Verbund,,CARMA,100.83
AUT,Austria,Pichlern,2.0,47.65,13.6667,Hydro,,,,2005.0,Verbund,,CARMA,6.85
AUT,Austria,Rabenstein,14.0,47.35,13.6833,Hydro,,,,1987.0,Verbund,,CARMA,35.4
AUT,Austria,Retznei,1.0,46.7333,15.5667,Hydro,,,,1992.0,Verbund,,CARMA,3.99
AUT,Austria,Rodundwerk I,198.0,47.085,9.8813,Hydro,,,,,Vorarlberge Illwerke AG,,WRI,585.65
AUT,Austria,Rodundwerk II,295.0,47.0847,9.8744,Hydro,,,,1976.0,Vorarlberge Illwerke AG,,WRI,745.43
AUT,Austria,Rosegg-St. James,80.0,46.5696,14.0268,Hydro,,,,1974.0,Verbund,,GEODB,295.81
AUT,Austria,Rosenau,34.0,48.489,14.6288,Hydro,,,,1953.0,Verbund,,CARMA,97.25
AUT,Austria,Schonau,30.0,48.3946,14.7302,Hydro,,,,1972.0,Verbund,,CARMA,88.33
AUT,Austria,Schwabeck,79.0,46.658,14.8726,Hydro,,,,1943.0,Verbund,,GEODB,350.61
AUT,Austria,Schwarzach,120.0,47.3152,13.1389,Hydro,,,,1960.0,Verbund,,GEODB,377.86
AUT,Austria,St. Georgen,6.0,47.5333,14.3667,Hydro,,,,1985.0,Verbund,,CARMA,13.51
AUT,Austria,St. Johann,16.0,47.3386,13.1974,Hydro,,,,1991.0,Verbund,,GEODB,67.28
AUT,Austria,St. Martin,10.0,47.4467,15.2849,Hydro,,,,1965.0,Verbund,,CARMA,34.71
AUT,Austria,St. Pantaleon,52.0,48.0076,12.8942,Hydro,,,,1966.0,Verbund,,CARMA,210.57
AUT,Austria,St. Veit,16.0,47.3214,13.1744,Hydro,,,,1989.0,Verbund,,GEODB,67.28
AUT,Austria,Staning,43.0,48.1007,14.4568,Hydro,,,,1946.0,Verbund,,CARMA,159.52
AUT,Austria,Steinfeld,1.0,46.7656,13.2717,Hydro,,,,1963.0,Verbund,,CARMA,3.7
AUT,Austria,Ternberg,40.0,47.9333,14.35,Hydro,,,,1949.0,Verbund,,CARMA,152.93
AUT,Austria,Triebenbach,10.0,47.5,14.4667,Hydro,,,,1995.0,Verbund,,CARMA,25.47
AUT,Austria,Tuxbach,1.0,47.1485,11.8225,Hydro,,,,1930.0,Verbund,,GEODB,2.31
AUT,Austria,Urreiting,16.0,47.3749,13.2101,Hydro,,,,1986.0,Verbund,,GEODB,69.07
AUT,Austria,Vermuntwerk,157.0,46.9684,10.0599,Hydro,,,,,Vorarlberge Illwerke AG,,WRI,457.16
AUT,Austria,Vienna-Freudenau,172.0,48.1766,16.4814,Hydro,,,,1999.0,Verbund,,GEODB,891.52
AUT,Austria,Villach,25.0,46.6329,13.8294,Hydro,,,,1984.0,Verbund,,GEODB,105.84
AUT,Austria,Walgauwerk,86.0,47.192,9.6815,Hydro,,,,1984.0,Vorarlberge Illwerke AG,,CARMA,311.79
AUT,Austria,Wallnerau Salzach stage,13.0,47.316,13.141,Hydro,,,,1990.0,Verbund,,GEODB,54.66
AUT,Austria,Wallnerau underwater stage,5.0,47.3833,12.6,Hydro,,,,1989.0,Verbund,,CARMA,16.41
AUT,Austria,Wallsee-Mitterkirchen,210.0,48.1666,14.6953,Hydro,,,,1969.0,Verbund,,GEODB,1094.57
AUT,Austria,Weissenegg,1.0,46.8167,15.8667,Hydro,,,,1985.0,Verbund,,CARMA,2.31
AUT,Austria,Werfen-Pfarrwerfen,16.0,47.4698,13.1945,Hydro,,,,2009.0,Verbund,,GEODB,69.07
AUT,Austria,Weyer,37.0,48.1465,14.1176,Hydro,,,,1969.0,Verbund,,CARMA,141.08
AUT,Austria,Ybbs-Persenbeug,236.0,48.1892,15.0682,Hydro,,,,1960.0,Verbund,,GEODB,1201.04
BIH,Bosnia and Herzegovina,Bocac Hydroelectric Power Plant Bosnia and Herzegovina,110.0,44.5075,17.1618,Hydro,,,,,,,GEODB,463.07
BIH,Bosnia and Herzegovina,Capljina Pumped Storage Power Plant Bosnia and Herzegovina,420.0,43.0133,17.8041,Hydro,,,,,,,GEODB,1561.77
BIH,Bosnia and Herzegovina,Dubrovnik Hydroelectric Power Plant Bosnia and Herzegovina,216.0,42.6037,18.2357,Hydro,,,,,,,GEODB,900.15
BIH,Bosnia and Herzegovina,Grabovica Hydroelectric Power Plant Bosnia and Herzegovina,115.0,43.5872,17.7189,Hydro,,,,,,,GEODB,479.39
BIH,Bosnia and Herzegovina,Jablanica Hydroelectric Power Plant Bosnia and Herzegovina,180.0,43.6924,17.7325,Hydro,,,,,,,GEODB,706.67
BIH,Bosnia and Herzegovina,Jajce I Hidroelektrana Bosnia and Herzegovina,48.0,44.3774,17.2816,Hydro,,,,,,,GEODB,197.79
BIH,Bosnia and Herzegovina,Jajce II Hidroelektrana Bosnia and Herzegovin,30.0,44.4279,17.2404,Hydro,,,,,,,GEODB,123.4
BIH,Bosnia and Herzegovina,Krupa Hydroelectric Power Plant Bosnia and Herzegovina,48.5,44.5624,17.135,Hydro,,,,,,,GEODB,199.85
BIH,Bosnia and Herzegovina,Mostar Hydroelectric Power Plant Bosnia and Herzegovina,75.0,43.3776,17.8449,Hydro,,,,,,,GEODB,311.67
BIH,Bosnia and Herzegovina,Mostarsko Blato Hydroelectric Power Plant Bosnia and Herzegovina,60.0,43.2989,17.794,Hydro,,,,,,,GEODB,249.34
BIH,Bosnia and Herzegovina,Pec Mlini Hydroelectric Power Plant Bosnia and Herzegovina,30.0,43.3375,17.3261,Hydro,,,,,,,GEODB,120.86
BIH,Bosnia and Herzegovina,Rama Hydroelectric Power Plant Bosnia and Herzegovina,160.0,43.747,17.6758,Hydro,,,,,,,GEODB,621.24
BIH,Bosnia and Herzegovina,Salakovac Hydroelectric Power Plant Bosnia and Herzegovina,210.0,43.4478,17.8369,Hydro,,,,,,,GEODB,823.71
BIH,Bosnia and Herzegovina,Trebinje I Hydroelectric Power Plant Bosnia and Herzegovina,180.0,42.7338,18.4971,Hydro,,,,,,,GEODB,790.01
BIH,Bosnia and Herzegovina,Trebinje II Hydroelectric Power Plant Bosnia and Herzegovina,8.0,42.7066,18.3805,Hydro,,,,,,,GEODB,35.84
BIH,Bosnia and Herzegovina,Visegrad Hydroelectric Power Plant Bosnia and Herzegovina,315.0,43.7603,19.2891,Hydro,,,,,,,GEODB,1205.56
BGR,Bulgaria,IVAILOVGRAD,114.0,41.5839,26.1075,Hydro,,,,,,,WRI,227.91
BGR,Bulgaria,KARDZHALI,110.0,41.6334,25.3381,Hydro,,,,,,,WRI,190.88
BGR,Bulgaria,MOMINA KLISU,120.0,42.232,23.9494,Hydro,,,,,,,WRI,220.05
BGR,Bulgaria,PESHTERA,135.0,42.0132,24.2574,Hydro,,,,,,,WRI,246.94
BGR,Bulgaria,PSBELMEKEN,375.0,42.1996,23.8586,Hydro,,,,,,,WRI,632.62
BGR,Bulgaria,PSCHAIRA GEN,864.0,42.1603,23.8612,Hydro,,,,,,,WRI,1876.64
BGR,Bulgaria,SESTRIMO,240.0,42.2083,23.9158,Hydro,,,,,,,WRI,413.68
GEO,Georgia,Atshesi (Atsi) Hydroelectric Power Plant Georgia,16.0,41.5841,41.8903,Hydro,,,,,,,GEODB,73.52
GEO,Georgia,Chitakhevi Hydroelectric Power Plant Georgia,21.0,41.7914,43.302,Hydro,,,,,,,GEODB,95.86
GEO,Georgia,Dzevrula (Tkibuki-II) Hydroelectric Power Plants Georgia,80.0,42.2629,42.9582,Hydro,,,,,,,GEODB,311.57
GEO,Georgia,Gumati I and II Hydroelectric Power Plants Georgia,68.8,42.3202,42.704,Hydro,,,,,,,GEODB,270.49
GEO,Georgia,Inguri (Enguri) Dam Hydroelectric Power Station Georgia,1300.0,42.7584,42.0309,Hydro,,,,,,,GEODB,4901.87
GEO,Georgia,Khrami I Hydroelectric Power Plant Georgia,112.0,41.5489,44.1235,Hydro,,,,,,,GEODB,403.01
GEO,Georgia,Khrami II Hydroelectric Power Plant Georgia,110.0,41.5461,44.1277,Hydro,,,,,,,GEODB,395.45
GEO,Georgia,Lajanuri Hydroelectric Power Plant Georgia,113.0,42.589,42.8519,Hydro,,,,,,,GEODB,475.51
GEO,Georgia,Ortachala Hydroelectric Power Plant Georgia,18.0,41.6831,44.8266,Hydro,,,,,,,GEODB,84.88
GEO,Georgia,Rioni Hydroelectric Power Plant Georgia,48.0,42.2006,42.7258,Hydro,,,,,,,GEODB,182.42
GEO,Georgia,Satskhenisi Hydroelectric Power Plant Georgia,14.0,41.7048,44.9328,Hydro,,,,,,,GEODB,66.02
GEO,Georgia,Shaori Hydroelectric Power Plants Georgia,38.4,42.3637,43.0034,Hydro,,,,,,,GEODB,137.75
GEO,Georgia,Vardnili I Hydroelectric Power Plant Georgia,220.0,42.6524,41.7619,Hydro,,,,,,,GEODB,733.19
GEO,Georgia,Vartsikhe Cascade Hydroelectric Power Plants Georgia,256.0,42.1545,42.7088,Hydro,,,,,,,GEODB,862.86
GEO,Georgia,Zahesi Hydroelectric Power Plant Georgia,36.2,41.8226,44.76,Hydro,,,,,,,GEODB,141.79
GEO,Georgia,Zhinvali Hydroelectric Power Plant Georgia,130.0,42.1349,44.7721,Hydro,,,,,,,GEODB,494.61
MNE,Montenegro,Perucica Hydroelectric Power Plant Montenegro,307.0,42.6718,18.9951,Hydro,,,,,,,GEODB,1075.19
MNE,Montenegro,Piva (Mratinje) Hydroelectric Power Plant Montenegro,360.0,43.2725,18.8422,Hydro,,,,,,,GEODB,1029.98
PRT,Portugal,Agilde,2.0,41.3545,-8.1028,Hydro,,,,2012.0,,,Energias Endogenas de Portugal,7.18
PRT,Portugal,Alto Lindoso,630.0,41.8693,-8.2029,Hydro,,,,,,,WRI,1528.38
PRT,Portugal,Alto Rabagão,68.0,41.738,-7.8534,Hydro,,,,1964.0,,,Energias Endogenas de Portugal,190.51
PRT,Portugal,Alva,1.5,40.2938,-7.9245,Hydro,,,,2001.0,,,Energias Endogenas de Portugal,5.5
PRT,Portugal,Alvadia,10.0,41.4564,-7.8103,Hydro,,,,1993.0,,,Energias Endogenas de Portugal,24.66
PRT,Portugal,Alvito,3.4,38.2788,-7.9093,Hydro,,,,2010.0,,,Energias Endogenas de Portugal,8.11
PRT,Portugal,Além-Fazenda,1.5,39.4699,-31.1415,Hydro,,,,1966.0,,,Energias Endogenas de Portugal,
PRT,Portugal,Amieiro/Galego,1.2,41.3736,-8.4142,Hydro,,,,2004.0,,,Energias Endogenas de Portugal,3.59
PRT,Portugal,Aregos,3.1,41.0939,-8.0278,Hydro,,,,1958.0,,,Energias Endogenas de Portugal,10.97
PRT,Portugal,Assobio,1.0,41.125,-7.9475,Hydro,,,,2004.0,,,Energias Endogenas de Portugal,3.53
PRT,Portugal,Barroca,2.0,40.1115,-7.7297,Hydro,,,,2005.0,,,Energias Endogenas de Portugal,7.54
PRT,Portugal,Belver,80.7,39.4795,-7.9979,Hydro,,,,1951.0,,,Energias Endogenas de Portugal,267.93
PRT,Portugal,Boavista,3.8,41.358,-8.4491,Hydro,,,,1995.0,,,Energias Endogenas de Portugal,13.0
PRT,Portugal,Bouçoais-Sonim,9.9,41.7277,-7.1954,Hydro,,,,2006.0,,,Energias Endogenas de Portugal,24.63
PRT,Portugal,Bouçã,44.0,39.8533,-8.2188,Hydro,,,,1955.0,,,Energias Endogenas de Portugal,132.83
PRT,Portugal,Bragadas,10.1,41.5413,-7.7891,Hydro,,,,1999.0,,,Energias Endogenas de Portugal,31.38
PRT,Portugal,Bragado,3.1,41.5814,-7.6801,Hydro,,,,1998.0,,,Energias Endogenas de Portugal,9.95
PRT,Portugal,Bruceira,1.6,39.5264,-7.6103,Hydro,,,,1928.0,,,Energias Endogenas de Portugal,4.51
PRT,Portugal,Bugalheira,1.4,37.5497,-8.7131,Hydro,,,,1991.0,,,Energias Endogenas de Portugal,3.08
PRT,Portugal,Caldeirão,40.0,40.5317,-7.3296,Hydro,,,,1994.0,,,Energias Endogenas de Portugal,107.31
PRT,Portugal,Calheta,4.7,32.7289,-17.1751,Hydro,,,,1953.0,,,Energias Endogenas de Portugal,12.37
PRT,Portugal,Candemil,2.0,41.2468,-7.9745,Hydro,,,,2011.0,,,Energias Endogenas de Portugal,7.44
PRT,Portugal,Canedo,10.0,41.6204,-7.7394,Hydro,,,,2008.0,,,Energias Endogenas de Portugal,24.66
PRT,Portugal,Caneiro,1.6,41.3728,-8.3444,Hydro,,,,2002.0,,,Energias Endogenas de Portugal,4.82
PRT,Portugal,Caniçada,62.0,41.6529,-8.2309,Hydro,,,,1954.0,,,Energias Endogenas de Portugal,166.33
PRT,Portugal,Carregal,5.5,40.8072,-8.2438,Hydro,,,,1996.0,,,Energias Endogenas de Portugal,11.59
PRT,Portugal,Casal,1.1,41.5444,-8.0167,Hydro,,,,1994.0,,,Energias Endogenas de Portugal,2.79
PRT,Portugal,Catapereiro,7.2,41.0912,-7.2715,Hydro,,,,2002.0,,,Energias Endogenas de Portugal,18.31
PRT,Portugal,Cefra,1.1,41.5053,-7.9694,Hydro,,,,1995.0,,,Energias Endogenas de Portugal,2.79
PRT,Portugal,Cercosa,4.2,40.6703,-8.2469,Hydro,,,,1992.0,,,Energias Endogenas de Portugal,10.02
PRT,Portugal,Corvete,2.4,41.3965,-8.1793,Hydro,,,,1972.0,,,Energias Endogenas de Portugal,9.33
PRT,Portugal,Covas do Barroso,6.6,41.6305,-7.7949,Hydro,,,,1996.0,,,Energias Endogenas de Portugal,15.46
PRT,Portugal,Desterro,13.2,40.3984,-7.6869,Hydro,,,,1959.0,,,Energias Endogenas de Portugal,39.62
PRT,Portugal,Ermal,10.0,41.5781,-8.1528,Hydro,,,,1937.0,,,Energias Endogenas de Portugal,30.6
PRT,Portugal,Ermida,8.5,40.9205,-7.963,Hydro,,,,1993.0,,,Energias Endogenas de Portugal,27.67
PRT,Portugal,Ermida (Ribeiradio),7.0,40.7422,-8.3194,Hydro,,,,2015.0,,,Energias Endogenas de Portugal,15.12
PRT,Portugal,Fagilde,2.4,40.6292,-7.8255,Hydro,,,,1998.0,,,Energias Endogenas de Portugal,8.77
PRT,Portugal,Fajã da Nogueira,2.4,32.7432,-16.9069,Hydro,,,,1971.0,,,Energias Endogenas de Portugal,7.42
PRT,Portugal,Fajã dos Padres,1.7,32.6547,-17.0218,Hydro,,,,1993.0,,,Energias Endogenas de Portugal,5.31
PRT,Portugal,Feiticeiro (Baixo Sabor - Jusante),36.0,41.202,-7.0936,Hydro,,,,2015.0,,,Energias Endogenas de Portugal,105.54
PRT,Portugal,Frades II,780.0,41.6934,-8.0279,Hydro,,,,,,,WRI,2230.55
PRT,Portugal,France,7.0,41.8792,-8.7061,Hydro,,,,1974.0,,,Energias Endogenas de Portugal,22.48
PRT,Portugal,Freigil,4.6,41.075,-8.0233,Hydro,,,,1988.0,,,Energias Endogenas de Portugal,17.46
PRT,Portugal,Fráguas,3.2,40.8378,-7.7843,Hydro,,,,1993.0,,,Energias Endogenas de Portugal,10.75
PRT,Portugal,Fábrica Têxtil de Vizela,1.2,41.3769,-8.3283,Hydro,,,,2004.0,,,Energias Endogenas de Portugal,3.6
PRT,Portugal,Gameiro,1.4,38.955,-8.1102,Hydro,,,,1962.0,,,Energias Endogenas de Portugal,4.76
PRT,Portugal,Granja do Tedo,2.2,41.0642,-7.6148,Hydro,,,,2008.0,,,Energias Endogenas de Portugal,7.8
PRT,Portugal,Guilhofrei,4.0,41.5811,-8.1428,Hydro,,,,1939.0,,,Energias Endogenas de Portugal,13.23
PRT,Portugal,Idanha-a-Nova,2.5,39.9447,-7.2011,Hydro,,,,1970.0,,,Energias Endogenas de Portugal,8.39
PRT,Portugal,Inverno da Calheta,7.3,32.7215,-17.1789,Hydro,,,,1992.0,,,Energias Endogenas de Portugal,21.39
PRT,Portugal,Janeiro de Cima,7.9,40.0655,-7.8055,Hydro,,,,1995.0,,,Energias Endogenas de Portugal,26.54
PRT,Portugal,Lindoso,44.1,41.8595,-8.2704,Hydro,,,,1922.0,,,Energias Endogenas de Portugal,130.71
PRT,Portugal,Lourido,2.8,41.3948,-8.1974,Hydro,,,,2012.0,,,Energias Endogenas de Portugal,10.88
PRT,Portugal,Manteigas,6.5,40.3885,-7.5445,Hydro,,,,2000.0,,,Energias Endogenas de Portugal,14.63
PRT,Portugal,Maranhão,6.1,39.0152,-7.9756,Hydro,,,,1958.0,,,Energias Endogenas de Portugal,18.94
PRT,Portugal,Meimoa,5.7,40.2597,-7.1389,Hydro,,,,2010.0,,,Energias Endogenas de Portugal,12.53
PRT,Portugal,Mesa do Galo I,1.6,41.6587,-7.9797,Hydro,,,,1996.0,,,Energias Endogenas de Portugal,4.51
PRT,Portugal,Montargil,3.6,39.0542,-8.1766,Hydro,,,,1970.0,,,Energias Endogenas de Portugal,10.88
PRT,Portugal,Montezinho,1.4,41.9376,-6.7752,Hydro,,,,1996.0,,,Energias Endogenas de Portugal,3.18
PRT,Portugal,Nunes,8.7,41.825,-6.9544,Hydro,,,,1995.0,,,Energias Endogenas de Portugal,23.47
PRT,Portugal,Odivelas,2.5,38.1852,-8.1153,Hydro,,,,2010.0,,,Energias Endogenas de Portugal,6.96
PRT,Portugal,Ovadas,5.6,41.0558,-8.2487,Hydro,,,,1993.0,,,Energias Endogenas de Portugal,17.85
PRT,Portugal,Pagade,1.9,41.8842,-8.6785,Hydro,,,,1993.0,,,Energias Endogenas de Portugal,6.88
PRT,Portugal,Palhal,2.6,40.7428,-8.4608,Hydro,,,,1991.0,,,Energias Endogenas de Portugal,10.26
PRT,Portugal,Paradela,54.0,41.7688,-7.95,Hydro,,,,1956.0,,,Energias Endogenas de Portugal,144.87
PRT,Portugal,Paredes,3.4,40.7523,-8.173,Hydro,,,,1996.0,,,Energias Endogenas de Portugal,7.8
PRT,Portugal,Paus,4.0,41.9146,-8.5902,Hydro,,,,1993.0,,,Energias Endogenas de Portugal,13.58
PRT,Portugal,Pedrógão,10.0,38.1101,-7.6296,Hydro,,,,2006.0,,,Energias Endogenas de Portugal,29.3
PRT,Portugal,Pego do Altar,2.0,38.418,-8.3919,Hydro,,,,1949.0,,,Energias Endogenas de Portugal,5.58
PRT,Portugal,Penacova,9.6,40.2975,-8.2487,Hydro,,,,2001.0,,,Energias Endogenas de Portugal,29.9
PRT,Portugal,Penhas Altas,1.6,41.231,-8.4136,Hydro,,,,1998.0,,,Energias Endogenas de Portugal,4.51
PRT,Portugal,Penide,4.9,41.5489,-8.5372,Hydro,,,,1951.0,,,Energias Endogenas de Portugal,15.65
PRT,Portugal,Pereira,5.2,40.9199,-7.9648,Hydro,,,,2006.0,,,Energias Endogenas de Portugal,16.92
PRT,Portugal,Pinhel,6.8,40.8243,-7.0832,Hydro,,,,2004.0,,,Energias Endogenas de Portugal,23.04
PRT,Portugal,Ponte Europa,1.0,41.4807,-7.1878,Hydro,,,,2007.0,,,Energias Endogenas de Portugal,3.97
PRT,Portugal,Ponte da Esperança,2.8,41.5767,-8.1681,Hydro,,,,1942.0,,,Energias Endogenas de Portugal,9.89
PRT,Portugal,Ponte de Jugais,20.3,40.3848,-7.705,Hydro,,,,1923.0,,,Energias Endogenas de Portugal,57.8
PRT,Portugal,Ponte do Bico,2.2,41.6062,-8.4271,Hydro,,,,1994.0,,,Energias Endogenas de Portugal,7.75
PRT,Portugal,Pracana,41.0,39.565,-7.8122,Hydro,,,,1993.0,,,Energias Endogenas de Portugal,106.47
PRT,Portugal,Prado Novo,2.9,41.902,-6.7389,Hydro,,,,1996.0,,,Energias Endogenas de Portugal,8.07
PRT,Portugal,Raiva,24.0,40.3096,-8.2488,Hydro,,,,1982.0,,,Energias Endogenas de Portugal,73.55
PRT,Portugal,Rebordelo,10.0,41.7556,-7.1764,Hydro,,,,2006.0,,,Energias Endogenas de Portugal,24.88
PRT,Portugal,Ribadouro,3.1,41.0991,-8.0826,Hydro,,,,1993.0,,,Energias Endogenas de Portugal,10.97
PRT,Portugal,Ribeira da Janela,3.2,32.8555,-17.1546,Hydro,,,,1965.0,,,Energias Endogenas de Portugal,8.18
PRT,Portugal,Ribeiradio,73.6,40.7422,-8.3194,Hydro,,,,2015.0,,,Energias Endogenas de Portugal,199.6
PRT,Portugal,Ronfe,1.0,41.4384,-8.3741,Hydro,,,,1913.0,,,Energias Endogenas de Portugal,3.63
PRT,Portugal,Roxo,1.7,37.9303,-8.0812,Hydro,,,,2010.0,,,Energias Endogenas de Portugal,4.58
PRT,Portugal,Ruães,1.8,41.5842,-8.4802,Hydro,,,,1998.0,,,Energias Endogenas de Portugal,5.45
PRT,Portugal,Sabugueiro I,12.8,40.3967,-7.6625,Hydro,,,,1947.0,,,Energias Endogenas de Portugal,38.48
PRT,Portugal,Sabugueiro II,10.0,40.3964,-7.6622,Hydro,,,,1993.0,,,Energias Endogenas de Portugal,30.2
PRT,Portugal,Salamonde,42.0,41.6917,-8.0912,Hydro,,,,1953.0,,,Energias Endogenas de Portugal,112.67
PRT,Portugal,Santa Luzia,24.4,40.0897,-7.8579,Hydro,,,,1943.0,,,Energias Endogenas de Portugal,69.55
PRT,Portugal,Santa Quitéria,1.7,32.6616,-16.9503,Hydro,,,,1993.0,,,Energias Endogenas de Portugal,5.31
PRT,Portugal,Senhora de Monforte,10.0,40.8174,-7.0293,Hydro,,,,1993.0,,,Energias Endogenas de Portugal,33.09
PRT,Portugal,Senhora do Porto,8.8,41.5558,-8.2189,Hydro,,,,1945.0,,,Energias Endogenas de Portugal,27.64
PRT,Portugal,Senhora do Salto,3.8,41.1274,-8.4324,Hydro,,,,1993.0,,,Energias Endogenas de Portugal,13.94
PRT,Portugal,Serpa,1.7,37.9921,-7.6045,Hydro,,,,2010.0,,,Energias Endogenas de Portugal,4.79
PRT,Portugal,Serra de Água,4.9,32.7435,-17.019,Hydro,,,,1953.0,,,Energias Endogenas de Portugal,12.9
PRT,Portugal,Sistema Alforfa,7.2,40.2758,-7.6118,Hydro,,,,1997.0,,,Energias Endogenas de Portugal,18.21
PRT,Portugal,Socorridos,24.0,32.6632,-16.9601,Hydro,,,,1990.0,,,Energias Endogenas de Portugal,72.17
PRT,Portugal,Sordo,8.5,41.1697,-7.7886,Hydro,,,,1995.0,,,Energias Endogenas de Portugal,32.03
PRT,Portugal,Soutinho,3.2,40.6024,-8.2945,Hydro,,,,1993.0,,,Energias Endogenas de Portugal,7.17
PRT,Portugal,São Pedro do Sul,9.6,40.7604,-8.0438,Hydro,,,,1994.0,,,Energias Endogenas de Portugal,24.24
PRT,Portugal,Talhadas,5.2,40.647,-8.3177,Hydro,,,,1992.0,,,Energias Endogenas de Portugal,11.43
PRT,Portugal,Teixo,7.0,40.5763,-8.2807,Hydro,,,,2008.0,,,Energias Endogenas de Portugal,15.75
PRT,Portugal,Terragido,8.5,41.2872,-7.7495,Hydro,,,,1992.0,,,Energias Endogenas de Portugal,22.23
PRT,Portugal,Torga,8.5,41.7061,-7.1175,Hydro,,,,1993.0,,,Energias Endogenas de Portugal,22.93
PRT,Portugal,Touvedo,22.0,41.8126,-8.3538,Hydro,,,,1993.0,,,Energias Endogenas de Portugal,71.6
PRT,Portugal,Trutas,2.2,41.8478,-6.9361,Hydro,,,,2009.0,,,Energias Endogenas de Portugal,6.12
PRT,Portugal,Túneis,1.7,37.7465,-25.3072,Hydro,,,,1951.0,,,Energias Endogenas de Portugal,
PRT,Portugal,Ucanha,5.7,41.054,-7.7462,Hydro,,,,2001.0,,,Energias Endogenas de Portugal,12.53
PRT,Portugal,Vale Soeiro,4.4,40.8988,-7.9438,Hydro,,,,1993.0,,,Energias Endogenas de Portugal,14.54
PRT,Portugal,Vale de Madeira,1.35,40.7981,-7.0148,Hydro,,,,2008.0,,,Energias Endogenas de Portugal,5.34
PRT,Portugal,Vale do Gaio,1.0,38.2478,-8.2951,Hydro,,,,1949.0,,,Energias Endogenas de Portugal,3.4
PRT,Portugal,Vales,3.2,41.4419,-7.4985,Hydro,,,,2009.0,,,Energias Endogenas de Portugal,7.17
PRT,Portugal,Varosa,25.0,41.1208,-7.7761,Hydro,,,,1934.0,,,Energias Endogenas de Portugal,69.69
PRT,Portugal,Velada,1.9,39.5914,-7.7092,Hydro,,,,1935.0,,,Energias Endogenas de Portugal,7.63
PRT,Portugal,Venda Nova,90.0,41.6794,-7.9823,Hydro,,,,1951.0,,,Energias Endogenas de Portugal,252.15
PRT,Portugal,Vila Cova,23.4,40.3797,-7.7283,Hydro,,,,2001.0,,,Energias Endogenas de Portugal,66.7
PRT,Portugal,Vila Viçosa,4.0,40.9952,-8.2106,Hydro,,,,1993.0,,,Energias Endogenas de Portugal,13.42
PRT,Portugal,Vilar-Tabuaço,58.0,40.9869,-7.5358,Hydro,,,,1965.0,,,Energias Endogenas de Portugal,160.8
PRT,Portugal,Águas Frias,2.4,40.8094,-8.0508,Hydro,,,,2002.0,,,Energias Endogenas de Portugal,6.68
SRB,Serbia,HE BAJINA BASTA,420.0,43.9645,19.4102,Hydro,,,,,,,GEODB,1607.41
SRB,Serbia,HE DJERDAP I,1086.0,44.6684,22.5268,Hydro,,,,,,,GEODB,5220.93
SRB,Serbia,HE DJERDAP II,270.0,44.3065,22.5667,Hydro,,,,,,,GEODB,1398.53
SRB,Serbia,RHE BAJINA BASTA,614.0,43.9645,19.4102,Hydro,,,,,,,GEODB,2345.66
